nama,harga,waktu
A Light in the Attic,51.77,2026-05-31 17:03
Tipping the Velvet,53.74,2026-05-31 17:03
Soumission,50.1,2026-05-31 17:03
Sharp Objects,47.82,2026-05-31 17:03
Sapiens: A Brief History of Humankind,54.23,2026-05-31 17:03
The Requiem Red,22.65,2026-05-31 17:03
The Dirty Little Secrets of Getting Your Dream Job,33.34,2026-05-31 17:03
"The Coming Woman: A Novel Based on the Life of the Infamous Feminist, Victoria Woodhull",17.93,2026-05-31 17:03
The Boys in the Boat: Nine Americans and Their Epic Quest for Gold at the 1936 Berlin Olympics,22.6,2026-05-31 17:03
The Black Maria,52.15,2026-05-31 17:03
"Starving Hearts (Triangular Trade Trilogy, #1)",13.99,2026-05-31 17:03
Shakespeare's Sonnets,20.66,2026-05-31 17:03
Set Me Free,17.46,2026-05-31 17:03
Scott Pilgrim's Precious Little Life (Scott Pilgrim #1),52.29,2026-05-31 17:03
Rip it Up and Start Again,35.02,2026-05-31 17:03
"Our Band Could Be Your Life: Scenes from the American Indie Underground, 1981-1991",57.25,2026-05-31 17:03
Olio,23.88,2026-05-31 17:03
Mesaerion: The Best Science Fiction Stories 1800-1849,37.59,2026-05-31 17:03
Libertarianism for Beginners,51.33,2026-05-31 17:03
It's Only the Himalayas,45.17,2026-05-31 17:03
